,aa_position,mutated_amino_acid,HGVSc_intend,HGVP_intend,match,Exon,SIFT_score,FATHMM_score,MutationTaster_score,LRT_score,DANN_score,Polyphen2_HVAR_score,PROVEAN_score,REVEL_score,CADD_phred,GERP++_RS,ESM1b_score,EVE_score,AlphaMissense_score,phyloP100way_vertebrate,boostDM_score,splice_score,prediction
0,41.0,nonsense,121A>T,K41*,108227824AT,exon_3,0.0,0.0,0.0,0.0,0.0,0.0,0.0,0.0,0.0,0.0,0.0,0.0,0.0,0.0,0.0,0.02,-0.4190673828125
1,64.0,nonsense,191T>A,L64*,108229183TA,exon_4,0.0,0.0,0.0,0.0,0.0,0.0,0.0,0.0,0.0,0.0,0.0,0.0,0.0,0.0,0.0,0.08,-0.53643798828125
2,64.0,nonsense,191T>G,L64*,108229183TG,exon_4,0.0,0.0,0.0,0.0,0.0,0.0,0.0,0.0,0.0,0.0,0.0,0.0,0.0,0.0,0.0,0.1,-0.53802490234375
3,65.0,nonsense,193C>T,Q65*,108229185CT,exon_4,0.0,0.0,0.0,0.0,0.0,0.0,0.0,0.0,0.0,0.0,0.0,0.0,0.0,0.0,0.0,0.08,-0.5635986328125
4,66.0,nonsense,196A>T,K66*,108229188AT,exon_4,0.0,0.0,0.0,0.0,0.0,0.0,0.0,0.0,0.0,0.0,0.0,0.0,0.0,0.0,0.0,0.09,-0.5670166015625
5,67.0,nonsense,201T>A,Y67*,108229193TA,exon_4,0.0,0.0,0.0,0.0,0.0,0.0,0.0,0.0,0.0,0.0,0.0,0.0,0.0,0.0,0.0,0.0,-0.5596923828125
6,67.0,nonsense,201T>G,Y67*,108229193TG,exon_4,0.0,0.0,0.0,0.0,0.0,0.0,0.0,0.0,0.0,0.0,0.0,0.0,0.0,0.0,0.0,0.03,-0.5618896484375
7,69.0,nonsense,205C>T,Q69*,108229197CT,exon_4,0.0,0.0,0.0,0.0,0.0,0.0,0.0,0.0,0.0,0.0,0.0,0.0,0.0,0.0,0.0,0.12,-0.60040283203125
8,95.0,nonsense,283C>T,Q95*,108229275CT,exon_4,0.0,0.0,0.0,0.0,0.0,0.0,0.0,0.0,0.0,0.0,0.0,0.0,0.0,0.0,0.0,0.06,-0.68603515625
9,96.0,nonsense,286G>T,E96*,108229278GT,exon_4,0.0,0.0,0.0,0.0,0.0,0.0,0.0,0.0,0.0,0.0,0.0,0.0,0.0,0.0,0.0,0.01,-0.65411376953125
10,123.0,nonsense,369T>G,Y123*,108235707TG,exon_5,0.0,0.0,0.0,0.0,0.0,0.0,0.0,0.0,0.0,0.0,0.0,0.0,0.0,0.0,0.0,0.2,-0.5970458984375
11,131.0,nonsense,392C>A,S131*,108235730CA,exon_5,0.0,0.0,0.0,0.0,0.0,0.0,0.0,0.0,0.0,0.0,0.0,0.0,0.0,0.0,0.0,0.0,-0.632080078125
12,153.0,nonsense,457A>T,R153*,108235795AT,exon_5,0.0,0.0,0.0,0.0,0.0,0.0,0.0,0.0,0.0,0.0,0.0,0.0,0.0,0.0,0.0,0.0,-0.530517578125
13,154.0,nonsense,460A>T,K154*,108235798AT,exon_5,0.0,0.0,0.0,0.0,0.0,0.0,0.0,0.0,0.0,0.0,0.0,0.0,0.0,0.0,0.0,0.2,-0.5159912109375
14,155.0,nonsense,465C>A,Y155*,108235803CA,exon_5,0.0,0.0,0.0,0.0,0.0,0.0,0.0,0.0,0.0,0.0,0.0,0.0,0.0,0.0,0.0,0.18,-0.5469970703125
15,156.0,nonsense,467G>A,W156*,108235805GA,exon_5,0.0,0.0,0.0,0.0,0.0,0.0,0.0,0.0,0.0,0.0,0.0,0.0,0.0,0.0,0.0,0.38,-0.5841064453125
16,157.0,nonsense,471T>A,C157*,108235809TA,exon_5,0.0,0.0,0.0,0.0,0.0,0.0,0.0,0.0,0.0,0.0,0.0,0.0,0.0,0.0,0.0,0.69,-0.59002685546875
17,161.0,nonsense,481C>T,Q161*,108235819CT,exon_5,0.0,0.0,0.0,0.0,0.0,0.0,0.0,0.0,0.0,0.0,0.0,0.0,0.0,0.0,0.0,0.54,-0.631103515625
18,162.0,nonsense,484C>T,Q162*,108235822CT,exon_5,0.0,0.0,0.0,0.0,0.0,0.0,0.0,0.0,0.0,0.0,0.0,0.0,0.0,0.0,0.0,0.49,-0.63031005859375
19,171.0,nonsense,513C>A,Y171*,108243969CA,exon_6,0.0,0.0,0.0,0.0,0.0,0.0,0.0,0.0,0.0,0.0,0.0,0.0,0.0,0.0,0.0,0.07,-0.40045166015625
20,215.0,nonsense,643A>T,K215*,108244099AT,exon_6,0.0,0.0,0.0,0.0,0.0,0.0,0.0,0.0,0.0,0.0,0.0,0.0,0.0,0.0,0.0,0.2,-0.38409423828125
21,218.0,nonsense,652C>T,Q218*,108244108CT,exon_6,0.0,0.0,0.0,0.0,0.0,0.0,0.0,0.0,0.0,0.0,0.0,0.0,0.0,0.0,0.0,0.09,-0.4134521484375
22,219.0,nonsense,657T>A,C219*,108244113TA,exon_6,0.0,0.0,0.0,0.0,0.0,0.0,0.0,0.0,0.0,0.0,0.0,0.0,0.0,0.0,0.0,0.01,-0.40228271484375
23,262.0,nonsense,785T>A,L262*,108244910TA,exon_7,0.0,0.0,0.0,0.0,0.0,0.0,0.0,0.0,0.0,0.0,0.0,0.0,0.0,0.0,0.0,0.01,-0.53564453125
24,264.0,nonsense,792T>A,Y264*,108244917TA,exon_7,0.0,0.0,0.0,0.0,0.0,0.0,0.0,0.0,0.0,0.0,0.0,0.0,0.0,0.0,0.0,0.01,-0.56512451171875
25,264.0,nonsense,792T>G,Y264*,108244917TG,exon_7,0.0,0.0,0.0,0.0,0.0,0.0,0.0,0.0,0.0,0.0,0.0,0.0,0.0,0.0,0.0,0.36,-0.5943603515625
26,281.0,nonsense,841G>T,E281*,108244966GT,exon_7,0.0,0.0,0.0,0.0,0.0,0.0,0.0,0.0,0.0,0.0,0.0,0.0,0.0,0.0,0.0,0.01,-0.597412109375
27,284.0,nonsense,850C>T,Q284*,108244975CT,exon_7,0.0,0.0,0.0,0.0,0.0,0.0,0.0,0.0,0.0,0.0,0.0,0.0,0.0,0.0,0.0,0.01,-0.5987548828125
28,298.0,nonsense,892C>T,Q298*,108245017CT,exon_7,0.0,0.0,0.0,0.0,0.0,0.0,0.0,0.0,0.0,0.0,0.0,0.0,0.0,0.0,0.0,0.0,-0.4957275390625
29,299.0,nonsense,895G>T,E299*,108245020GT,exon_7,0.0,0.0,0.0,0.0,0.0,0.0,0.0,0.0,0.0,0.0,0.0,0.0,0.0,0.0,0.0,0.01,-0.5087890625
30,303.0,nonsense,909T>A,Y303*,108246971TA,exon_8,0.0,0.0,0.0,0.0,0.0,0.0,0.0,0.0,0.0,0.0,0.0,0.0,0.0,0.0,0.0,0.04,-0.47271728515625
31,303.0,nonsense,909T>G,Y303*,108246971TG,exon_8,0.0,0.0,0.0,0.0,0.0,0.0,0.0,0.0,0.0,0.0,0.0,0.0,0.0,0.0,0.0,0.14,-0.48248291015625
32,305.0,nonsense,914C>A,S305*,108246976CA,exon_8,0.0,0.0,0.0,0.0,0.0,0.0,0.0,0.0,0.0,0.0,0.0,0.0,0.0,0.0,0.0,0.17,-0.4781494140625
33,305.0,nonsense,914C>G,S305*,108246976CG,exon_8,0.0,0.0,0.0,0.0,0.0,0.0,0.0,0.0,0.0,0.0,0.0,0.0,0.0,0.0,0.0,0.06,-0.4658203125
34,312.0,nonsense,935T>A,L312*,108246997TA,exon_8,0.0,0.0,0.0,0.0,0.0,0.0,0.0,0.0,0.0,0.0,0.0,0.0,0.0,0.0,0.0,0.02,-0.59747314453125
35,313.0,nonsense,939C>A,Y313*,108247001CA,exon_8,0.0,0.0,0.0,0.0,0.0,0.0,0.0,0.0,0.0,0.0,0.0,0.0,0.0,0.0,0.0,0.13,-0.6190185546875
36,313.0,nonsense,939C>G,Y313*,108247001CG,exon_8,0.0,0.0,0.0,0.0,0.0,0.0,0.0,0.0,0.0,0.0,0.0,0.0,0.0,0.0,0.0,0.16,-0.62115478515625
37,315.0,nonsense,944T>A,L315*,108247006TA,exon_8,0.0,0.0,0.0,0.0,0.0,0.0,0.0,0.0,0.0,0.0,0.0,0.0,0.0,0.0,0.0,0.05,-0.62518310546875
38,315.0,nonsense,944T>G,L315*,108247006TG,exon_8,0.0,0.0,0.0,0.0,0.0,0.0,0.0,0.0,0.0,0.0,0.0,0.0,0.0,0.0,0.0,0.01,-0.6219482421875
39,316.0,nonsense,948T>A,Y316*,108247010TA,exon_8,0.0,0.0,0.0,0.0,0.0,0.0,0.0,0.0,0.0,0.0,0.0,0.0,0.0,0.0,0.0,0.04,-0.64483642578125
40,342.0,nonsense,1024A>T,K342*,108247086AT,exon_8,0.0,0.0,0.0,0.0,0.0,0.0,0.0,0.0,0.0,0.0,0.0,0.0,0.0,0.0,0.0,0.18,-0.7252197265625
41,343.0,nonsense,1027G>T,E343*,108247089GT,exon_8,0.0,0.0,0.0,0.0,0.0,0.0,0.0,0.0,0.0,0.0,0.0,0.0,0.0,0.0,0.0,0.44,-0.7364501953125
42,374.0,nonsense,1120C>T,Q374*,108248987CT,exon_9,0.0,0.0,0.0,0.0,0.0,0.0,0.0,0.0,0.0,0.0,0.0,0.0,0.0,0.0,0.0,0.0,-0.38897705078125
43,380.0,nonsense,1140C>A,Y380*,108249007CA,exon_9,0.0,0.0,0.0,0.0,0.0,0.0,0.0,0.0,0.0,0.0,0.0,0.0,0.0,0.0,0.0,0.0,-0.36468505859375
44,380.0,nonsense,1140C>G,Y380*,108249007CG,exon_9,0.0,0.0,0.0,0.0,0.0,0.0,0.0,0.0,0.0,0.0,0.0,0.0,0.0,0.0,0.0,0.0,-0.36468505859375
45,384.0,nonsense,1152C>A,C384*,108249019CA,exon_9,0.0,0.0,0.0,0.0,0.0,0.0,0.0,0.0,0.0,0.0,0.0,0.0,0.0,0.0,0.0,0.0,-0.528076171875
46,387.0,nonsense,1159A>T,K387*,108249026AT,exon_9,0.0,0.0,0.0,0.0,0.0,0.0,0.0,0.0,0.0,0.0,0.0,0.0,0.0,0.0,0.0,0.21,-0.6270751953125
47,388.0,nonsense,1162A>T,K388*,108249029AT,exon_9,0.0,0.0,0.0,0.0,0.0,0.0,0.0,0.0,0.0,0.0,0.0,0.0,0.0,0.0,0.0,0.01,-0.61590576171875
48,390.0,nonsense,1168G>T,E390*,108249035GT,exon_9,0.0,0.0,0.0,0.0,0.0,0.0,0.0,0.0,0.0,0.0,0.0,0.0,0.0,0.0,0.0,0.0,-0.64105224609375
49,402.0,nonsense,1204A>T,K402*,108249071AT,exon_9,0.0,0.0,0.0,0.0,0.0,0.0,0.0,0.0,0.0,0.0,0.0,0.0,0.0,0.0,0.0,0.66,-0.767333984375
50,403.0,nonsense,1208C>A,S403*,108249075CA,exon_9,0.0,0.0,0.0,0.0,0.0,0.0,0.0,0.0,0.0,0.0,0.0,0.0,0.0,0.0,0.0,0.25,-0.741455078125
51,403.0,nonsense,1208C>G,S403*,108249075CG,exon_9,0.0,0.0,0.0,0.0,0.0,0.0,0.0,0.0,0.0,0.0,0.0,0.0,0.0,0.0,0.0,0.11,-0.7325439453125
52,404.0,nonsense,1210C>T,Q404*,108249077CT,exon_9,0.0,0.0,0.0,0.0,0.0,0.0,0.0,0.0,0.0,0.0,0.0,0.0,0.0,0.0,0.0,0.41,-0.7696533203125
53,476.0,nonsense,1426C>T,Q476*,108250891CT,exon_10,0.0,0.0,0.0,0.0,0.0,0.0,0.0,0.0,0.0,0.0,0.0,0.0,0.0,0.0,0.0,0.06,-0.6822509765625
54,478.0,nonsense,1433C>A,S478*,108250898CA,exon_10,0.0,0.0,0.0,0.0,0.0,0.0,0.0,0.0,0.0,0.0,0.0,0.0,0.0,0.0,0.0,0.78,-0.759033203125
55,478.0,nonsense,1433C>G,S478*,108250898CG,exon_10,0.0,0.0,0.0,0.0,0.0,0.0,0.0,0.0,0.0,0.0,0.0,0.0,0.0,0.0,0.0,0.74,-0.75537109375
56,480.0,nonsense,1439T>A,L480*,108250904TA,exon_10,0.0,0.0,0.0,0.0,0.0,0.0,0.0,0.0,0.0,0.0,0.0,0.0,0.0,0.0,0.0,0.05,-0.7027587890625
57,480.0,nonsense,1439T>G,L480*,108250904TG,exon_10,0.0,0.0,0.0,0.0,0.0,0.0,0.0,0.0,0.0,0.0,0.0,0.0,0.0,0.0,0.0,0.1,-0.7061767578125
58,482.0,nonsense,1444A>T,K482*,108250909AT,exon_10,0.0,0.0,0.0,0.0,0.0,0.0,0.0,0.0,0.0,0.0,0.0,0.0,0.0,0.0,0.0,0.07,-0.72412109375
59,484.0,nonsense,1451G>A,W484*,108250916GA,exon_10,0.0,0.0,0.0,0.0,0.0,0.0,0.0,0.0,0.0,0.0,0.0,0.0,0.0,0.0,0.0,0.07,-0.723876953125
60,484.0,nonsense,1452G>A,W484*,108250917GA,exon_10,0.0,0.0,0.0,0.0,0.0,0.0,0.0,0.0,0.0,0.0,0.0,0.0,0.0,0.0,0.0,0.06,-0.723388671875
61,486.0,nonsense,1456A>T,K486*,108250921AT,exon_10,0.0,0.0,0.0,0.0,0.0,0.0,0.0,0.0,0.0,0.0,0.0,0.0,0.0,0.0,0.0,0.1,-0.7431640625
62,488.0,nonsense,1463G>A,W488*,108250928GA,exon_10,0.0,0.0,0.0,0.0,0.0,0.0,0.0,0.0,0.0,0.0,0.0,0.0,0.0,0.0,0.0,0.06,-0.7406005859375
63,488.0,nonsense,1464G>A,W488*,108250929GA,exon_10,0.0,0.0,0.0,0.0,0.0,0.0,0.0,0.0,0.0,0.0,0.0,0.0,0.0,0.0,0.0,0.0,-0.7369384765625
64,564.0,nonsense,1692T>A,C564*,108251921TA,exon_11,0.0,0.0,0.0,0.0,0.0,0.0,0.0,0.0,0.0,0.0,0.0,0.0,0.0,0.0,0.0,0.05,-0.7989501953125
65,565.0,nonsense,1693G>T,E565*,108251922GT,exon_11,0.0,0.0,0.0,0.0,0.0,0.0,0.0,0.0,0.0,0.0,0.0,0.0,0.0,0.0,0.0,0.05,-0.7933349609375
66,568.0,nonsense,1702A>T,R568*,108251931AT,exon_11,0.0,0.0,0.0,0.0,0.0,0.0,0.0,0.0,0.0,0.0,0.0,0.0,0.0,0.0,0.0,0.03,-0.778564453125
67,572.0,nonsense,1715T>A,L572*,108251944TA,exon_11,0.0,0.0,0.0,0.0,0.0,0.0,0.0,0.0,0.0,0.0,0.0,0.0,0.0,0.0,0.0,0.01,-0.764404296875
68,572.0,nonsense,1715T>G,L572*,108251944TG,exon_11,0.0,0.0,0.0,0.0,0.0,0.0,0.0,0.0,0.0,0.0,0.0,0.0,0.0,0.0,0.0,0.01,-0.764404296875
69,574.0,nonsense,1720G>T,E574*,108251949GT,exon_11,0.0,0.0,0.0,0.0,0.0,0.0,0.0,0.0,0.0,0.0,0.0,0.0,0.0,0.0,0.0,0.03,-0.7652587890625
70,578.0,nonsense,1732A>T,K578*,108251961AT,exon_11,0.0,0.0,0.0,0.0,0.0,0.0,0.0,0.0,0.0,0.0,0.0,0.0,0.0,0.0,0.0,0.01,-0.7696533203125
71,579.0,nonsense,1736G>A,W579*,108251965GA,exon_11,0.0,0.0,0.0,0.0,0.0,0.0,0.0,0.0,0.0,0.0,0.0,0.0,0.0,0.0,0.0,0.05,-0.772705078125
72,581.0,nonsense,1742T>G,L581*,108251971TG,exon_11,0.0,0.0,0.0,0.0,0.0,0.0,0.0,0.0,0.0,0.0,0.0,0.0,0.0,0.0,0.0,0.06,-0.7716064453125
73,583.0,nonsense,1749T>A,Y583*,108251978TA,exon_11,0.0,0.0,0.0,0.0,0.0,0.0,0.0,0.0,0.0,0.0,0.0,0.0,0.0,0.0,0.0,0.1,-0.7841796875
74,583.0,nonsense,1749T>G,Y583*,108251978TG,exon_11,0.0,0.0,0.0,0.0,0.0,0.0,0.0,0.0,0.0,0.0,0.0,0.0,0.0,0.0,0.0,0.04,-0.7803955078125
75,584.0,nonsense,1750C>T,Q584*,108251979CT,exon_11,0.0,0.0,0.0,0.0,0.0,0.0,0.0,0.0,0.0,0.0,0.0,0.0,0.0,0.0,0.0,0.01,-0.7886962890625
76,609.0,nonsense,1825G>T,E609*,108252839GT,exon_12,0.0,0.0,0.0,0.0,0.0,0.0,0.0,0.0,0.0,0.0,0.0,0.0,0.0,0.0,0.0,0.45,-0.769775390625
77,618.0,nonsense,1852A>T,K618*,108252866AT,exon_12,0.0,0.0,0.0,0.0,0.0,0.0,0.0,0.0,0.0,0.0,0.0,0.0,0.0,0.0,0.0,0.06,-0.745849609375
78,620.0,nonsense,1860T>A,C620*,108252874TA,exon_12,0.0,0.0,0.0,0.0,0.0,0.0,0.0,0.0,0.0,0.0,0.0,0.0,0.0,0.0,0.0,0.01,-0.7379150390625
79,621.0,nonsense,1861A>T,K621*,108252875AT,exon_12,0.0,0.0,0.0,0.0,0.0,0.0,0.0,0.0,0.0,0.0,0.0,0.0,0.0,0.0,0.0,0.01,-0.728515625
80,633.0,nonsense,1899T>A,C633*,108253814TA,exon_13,0.0,0.0,0.0,0.0,0.0,0.0,0.0,0.0,0.0,0.0,0.0,0.0,0.0,0.0,0.0,0.48,-0.5894775390625
81,634.0,nonsense,1900G>T,E634*,108253815GT,exon_13,0.0,0.0,0.0,0.0,0.0,0.0,0.0,0.0,0.0,0.0,0.0,0.0,0.0,0.0,0.0,0.28,-0.5596923828125
82,637.0,nonsense,1909C>T,Q637*,108253824CT,exon_13,0.0,0.0,0.0,0.0,0.0,0.0,0.0,0.0,0.0,0.0,0.0,0.0,0.0,0.0,0.0,0.16,-0.62469482421875
83,638.0,nonsense,1912A>T,K638*,108253827AT,exon_13,0.0,0.0,0.0,0.0,0.0,0.0,0.0,0.0,0.0,0.0,0.0,0.0,0.0,0.0,0.0,0.09,-0.5667724609375
84,640.0,nonsense,1918A>T,K640*,108253833AT,exon_13,0.0,0.0,0.0,0.0,0.0,0.0,0.0,0.0,0.0,0.0,0.0,0.0,0.0,0.0,0.0,0.19,-0.614501953125
85,641.0,nonsense,1921G>T,E641*,108253836GT,exon_13,0.0,0.0,0.0,0.0,0.0,0.0,0.0,0.0,0.0,0.0,0.0,0.0,0.0,0.0,0.0,0.51,-0.6126708984375
86,642.0,nonsense,1924G>T,E642*,108253839GT,exon_13,0.0,0.0,0.0,0.0,0.0,0.0,0.0,0.0,0.0,0.0,0.0,0.0,0.0,0.0,0.0,0.48,-0.58526611328125
87,644.0,nonsense,1931C>A,S644*,108253846CA,exon_13,0.0,0.0,0.0,0.0,0.0,0.0,0.0,0.0,0.0,0.0,0.0,0.0,0.0,0.0,0.0,0.21,-0.56280517578125
88,644.0,nonsense,1931C>G,S644*,108253846CG,exon_13,0.0,0.0,0.0,0.0,0.0,0.0,0.0,0.0,0.0,0.0,0.0,0.0,0.0,0.0,0.0,0.35,-0.5706787109375
89,646.0,nonsense,1937C>A,S646*,108253852CA,exon_13,0.0,0.0,0.0,0.0,0.0,0.0,0.0,0.0,0.0,0.0,0.0,0.0,0.0,0.0,0.0,0.64,-0.59991455078125
90,646.0,nonsense,1937C>G,S646*,108253852CG,exon_13,0.0,0.0,0.0,0.0,0.0,0.0,0.0,0.0,0.0,0.0,0.0,0.0,0.0,0.0,0.0,0.76,-0.61456298828125
91,647.0,nonsense,1939G>T,E647*,108253854GT,exon_13,0.0,0.0,0.0,0.0,0.0,0.0,0.0,0.0,0.0,0.0,0.0,0.0,0.0,0.0,0.0,0.76,-0.5628662109375
92,654.0,nonsense,1960C>T,Q654*,108253875CT,exon_13,0.0,0.0,0.0,0.0,0.0,0.0,0.0,0.0,0.0,0.0,0.0,0.0,0.0,0.0,0.0,0.2,-0.4744873046875
93,659.0,nonsense,1975A>T,K659*,108253890AT,exon_13,0.0,0.0,0.0,0.0,0.0,0.0,0.0,0.0,0.0,0.0,0.0,0.0,0.0,0.0,0.0,0.09,-0.540771484375
94,754.0,nonsense,2260C>T,Q754*,108257490CT,exon_15,0.0,0.0,0.0,0.0,0.0,0.0,0.0,0.0,0.0,0.0,0.0,0.0,0.0,0.0,0.0,0.14,-0.51300048828125
95,764.0,nonsense,2290A>T,K764*,108257520AT,exon_15,0.0,0.0,0.0,0.0,0.0,0.0,0.0,0.0,0.0,0.0,0.0,0.0,0.0,0.0,0.0,0.1,-0.530731201171875
96,766.0,nonsense,2296A>T,K766*,108257526AT,exon_15,0.0,0.0,0.0,0.0,0.0,0.0,0.0,0.0,0.0,0.0,0.0,0.0,0.0,0.0,0.0,0.3,-0.54730224609375
97,797.0,nonsense,2389A>T,K797*,108258998AT,exon_16,0.0,0.0,0.0,0.0,0.0,0.0,0.0,0.0,0.0,0.0,0.0,0.0,0.0,0.0,0.0,0.06,-0.5076904296875
98,809.0,nonsense,2426C>A,S809*,108259035CA,exon_16,0.0,0.0,0.0,0.0,0.0,0.0,0.0,0.0,0.0,0.0,0.0,0.0,0.0,0.0,0.0,0.18,-0.58062744140625
99,819.0,nonsense,2457T>A,C819*,108259066TA,exon_16,0.0,0.0,0.0,0.0,0.0,0.0,0.0,0.0,0.0,0.0,0.0,0.0,0.0,0.0,0.0,0.03,-0.61785888671875
100,820.0,nonsense,2458A>T,K820*,108259067AT,exon_16,0.0,0.0,0.0,0.0,0.0,0.0,0.0,0.0,0.0,0.0,0.0,0.0,0.0,0.0,0.0,0.11,-0.65057373046875
101,822.0,nonsense,2465T>A,L822*,108259074TA,exon_16,0.0,0.0,0.0,0.0,0.0,0.0,0.0,0.0,0.0,0.0,0.0,0.0,0.0,0.0,0.0,0.16,-0.6318359375
102,822.0,nonsense,2465T>G,L822*,108259074TG,exon_16,0.0,0.0,0.0,0.0,0.0,0.0,0.0,0.0,0.0,0.0,0.0,0.0,0.0,0.0,0.0,0.1,-0.62579345703125
103,887.0,nonsense,2659G>T,E887*,108268430GT,exon_18,0.0,0.0,0.0,0.0,0.0,0.0,0.0,0.0,0.0,0.0,0.0,0.0,0.0,0.0,0.0,0.44,-0.59039306640625
104,889.0,nonsense,2667T>A,Y889*,108268438TA,exon_18,0.0,0.0,0.0,0.0,0.0,0.0,0.0,0.0,0.0,0.0,0.0,0.0,0.0,0.0,0.0,0.02,-0.55517578125
105,889.0,nonsense,2667T>G,Y889*,108268438TG,exon_18,0.0,0.0,0.0,0.0,0.0,0.0,0.0,0.0,0.0,0.0,0.0,0.0,0.0,0.0,0.0,0.03,-0.5560302734375
106,891.0,nonsense,2672C>A,S891*,108268443CA,exon_18,0.0,0.0,0.0,0.0,0.0,0.0,0.0,0.0,0.0,0.0,0.0,0.0,0.0,0.0,0.0,0.03,-0.55712890625
107,891.0,nonsense,2672C>G,S891*,108268443CG,exon_18,0.0,0.0,0.0,0.0,0.0,0.0,0.0,0.0,0.0,0.0,0.0,0.0,0.0,0.0,0.0,0.01,-0.55517578125
108,893.0,nonsense,2677C>T,Q893*,108268448CT,exon_18,0.0,0.0,0.0,0.0,0.0,0.0,0.0,0.0,0.0,0.0,0.0,0.0,0.0,0.0,0.0,0.88,-0.62164306640625
109,898.0,nonsense,2693T>A,L898*,108268464TA,exon_18,0.0,0.0,0.0,0.0,0.0,0.0,0.0,0.0,0.0,0.0,0.0,0.0,0.0,0.0,0.0,0.01,-0.51898193359375
110,902.0,nonsense,2704A>T,K902*,108268475AT,exon_18,0.0,0.0,0.0,0.0,0.0,0.0,0.0,0.0,0.0,0.0,0.0,0.0,0.0,0.0,0.0,0.01,-0.513671875
111,1026.0,nonsense,3078G>A,W1026*,108272532GA,exon_21,0.0,0.0,0.0,0.0,0.0,0.0,0.0,0.0,0.0,0.0,0.0,0.0,0.0,0.0,0.0,0.15,-0.703857421875
112,1031.0,nonsense,3091G>T,E1031*,108272545GT,exon_21,0.0,0.0,0.0,0.0,0.0,0.0,0.0,0.0,0.0,0.0,0.0,0.0,0.0,0.0,0.0,0.41,-0.6885986328125
113,1033.0,nonsense,3097A>T,K1033*,108272551AT,exon_21,0.0,0.0,0.0,0.0,0.0,0.0,0.0,0.0,0.0,0.0,0.0,0.0,0.0,0.0,0.0,0.56,-0.67816162109375
114,1034.0,nonsense,3102T>A,Y1034*,108272556TA,exon_21,0.0,0.0,0.0,0.0,0.0,0.0,0.0,0.0,0.0,0.0,0.0,0.0,0.0,0.0,0.0,0.05,-0.63079833984375
115,1045.0,nonsense,3135C>A,C1045*,108272589CA,exon_21,0.0,0.0,0.0,0.0,0.0,0.0,0.0,0.0,0.0,0.0,0.0,0.0,0.0,0.0,0.0,0.03,-0.677001953125
116,1049.0,nonsense,3146T>A,L1049*,108272600TA,exon_21,0.0,0.0,0.0,0.0,0.0,0.0,0.0,0.0,0.0,0.0,0.0,0.0,0.0,0.0,0.0,0.17,-0.7216796875
117,1121.0,nonsense,3361G>T,E1121*,108279567GT,exon_23,0.0,0.0,0.0,0.0,0.0,0.0,0.0,0.0,0.0,0.0,0.0,0.0,0.0,0.0,0.0,0.04,-0.71392822265625
118,1124.0,nonsense,3372C>G,Y1124*,108279578CG,exon_23,0.0,0.0,0.0,0.0,0.0,0.0,0.0,0.0,0.0,0.0,0.0,0.0,0.0,0.0,0.0,0.04,-0.65264892578125
119,1126.0,nonsense,3376A>T,K1126*,108279582AT,exon_23,0.0,0.0,0.0,0.0,0.0,0.0,0.0,0.0,0.0,0.0,0.0,0.0,0.0,0.0,0.0,0.21,-0.670654296875
120,1154.0,nonsense,3461T>A,L1154*,108281053TA,exon_24,0.0,0.0,0.0,0.0,0.0,0.0,0.0,0.0,0.0,0.0,0.0,0.0,0.0,0.0,0.0,0.05,-0.4788818359375
121,1191.0,nonsense,3571A>T,K1191*,108281163AT,exon_24,0.0,0.0,0.0,0.0,0.0,0.0,0.0,0.0,0.0,0.0,0.0,0.0,0.0,0.0,0.0,0.21,-0.493804931640625
122,1194.0,nonsense,3581T>A,L1194*,108282714TA,exon_25,0.0,0.0,0.0,0.0,0.0,0.0,0.0,0.0,0.0,0.0,0.0,0.0,0.0,0.0,0.0,0.0,-0.482879638671875
123,1194.0,nonsense,3581T>G,L1194*,108282714TG,exon_25,0.0,0.0,0.0,0.0,0.0,0.0,0.0,0.0,0.0,0.0,0.0,0.0,0.0,0.0,0.0,0.0,-0.482879638671875
124,1195.0,nonsense,3583G>T,E1195*,108282716GT,exon_25,0.0,0.0,0.0,0.0,0.0,0.0,0.0,0.0,0.0,0.0,0.0,0.0,0.0,0.0,0.0,0.01,-0.51531982421875
125,1196.0,nonsense,3586A>T,K1196*,108282719AT,exon_25,0.0,0.0,0.0,0.0,0.0,0.0,0.0,0.0,0.0,0.0,0.0,0.0,0.0,0.0,0.0,0.05,-0.5194091796875
126,1199.0,nonsense,3595G>T,E1199*,108282728GT,exon_25,0.0,0.0,0.0,0.0,0.0,0.0,0.0,0.0,0.0,0.0,0.0,0.0,0.0,0.0,0.0,0.05,-0.551513671875
127,1206.0,nonsense,3617T>A,L1206*,108282750TA,exon_25,0.0,0.0,0.0,0.0,0.0,0.0,0.0,0.0,0.0,0.0,0.0,0.0,0.0,0.0,0.0,0.07,-0.5479736328125
128,1225.0,nonsense,3673C>T,Q1225*,108282806CT,exon_25,0.0,0.0,0.0,0.0,0.0,0.0,0.0,0.0,0.0,0.0,0.0,0.0,0.0,0.0,0.0,0.01,-0.63165283203125
129,1228.0,nonsense,3682G>T,E1228*,108282815GT,exon_25,0.0,0.0,0.0,0.0,0.0,0.0,0.0,0.0,0.0,0.0,0.0,0.0,0.0,0.0,0.0,0.01,-0.47528076171875
130,1229.0,nonsense,3687C>A,Y1229*,108282820CA,exon_25,0.0,0.0,0.0,0.0,0.0,0.0,0.0,0.0,0.0,0.0,0.0,0.0,0.0,0.0,0.0,0.12,-0.50897216796875
131,1229.0,nonsense,3687C>G,Y1229*,108282820CG,exon_25,0.0,0.0,0.0,0.0,0.0,0.0,0.0,0.0,0.0,0.0,0.0,0.0,0.0,0.0,0.0,0.01,-0.4993896484375
132,1231.0,nonsense,3692T>A,L1231*,108282825TA,exon_25,0.0,0.0,0.0,0.0,0.0,0.0,0.0,0.0,0.0,0.0,0.0,0.0,0.0,0.0,0.0,0.11,-0.5489501953125
133,1231.0,nonsense,3692T>G,L1231*,108282825TG,exon_25,0.0,0.0,0.0,0.0,0.0,0.0,0.0,0.0,0.0,0.0,0.0,0.0,0.0,0.0,0.0,0.01,-0.53973388671875
134,1238.0,nonsense,3713T>A,L1238*,108282846TA,exon_25,0.0,0.0,0.0,0.0,0.0,0.0,0.0,0.0,0.0,0.0,0.0,0.0,0.0,0.0,0.0,0.02,-0.50628662109375
135,1238.0,nonsense,3713T>G,L1238*,108282846TG,exon_25,0.0,0.0,0.0,0.0,0.0,0.0,0.0,0.0,0.0,0.0,0.0,0.0,0.0,0.0,0.0,0.0,-0.5048828125
136,1239.0,nonsense,3716T>A,L1239*,108282849TA,exon_25,0.0,0.0,0.0,0.0,0.0,0.0,0.0,0.0,0.0,0.0,0.0,0.0,0.0,0.0,0.0,0.01,-0.55767822265625
137,1239.0,nonsense,3716T>G,L1239*,108282849TG,exon_25,0.0,0.0,0.0,0.0,0.0,0.0,0.0,0.0,0.0,0.0,0.0,0.0,0.0,0.0,0.0,0.01,-0.55767822265625
138,1241.0,nonsense,3723C>A,Y1241*,108282856CA,exon_25,0.0,0.0,0.0,0.0,0.0,0.0,0.0,0.0,0.0,0.0,0.0,0.0,0.0,0.0,0.0,0.02,-0.55029296875
139,1241.0,nonsense,3723C>G,Y1241*,108282856CG,exon_25,0.0,0.0,0.0,0.0,0.0,0.0,0.0,0.0,0.0,0.0,0.0,0.0,0.0,0.0,0.0,0.37,-0.57586669921875
140,1245.0,nonsense,3733G>T,E1245*,108282866GT,exon_25,0.0,0.0,0.0,0.0,0.0,0.0,0.0,0.0,0.0,0.0,0.0,0.0,0.0,0.0,0.0,0.15,-0.53997802734375
141,1252.0,nonsense,3756T>A,Y1252*,108284236TA,exon_26,0.0,0.0,0.0,0.0,0.0,0.0,0.0,0.0,0.0,0.0,0.0,0.0,0.0,0.0,0.0,0.0,-0.636962890625
142,1274.0,nonsense,3820C>T,Q1274*,108284300CT,exon_26,0.0,0.0,0.0,0.0,0.0,0.0,0.0,0.0,0.0,0.0,0.0,0.0,0.0,0.0,0.0,0.01,-0.523193359375
143,1276.0,nonsense,3826C>T,Q1276*,108284306CT,exon_26,0.0,0.0,0.0,0.0,0.0,0.0,0.0,0.0,0.0,0.0,0.0,0.0,0.0,0.0,0.0,0.04,-0.52154541015625
144,1325.0,nonsense,3973G>T,E1325*,108284453GT,exon_26,0.0,0.0,0.0,0.0,0.0,0.0,0.0,0.0,0.0,0.0,0.0,0.0,0.0,0.0,0.0,0.02,-0.74029541015625
145,1327.0,nonsense,3980T>A,L1327*,108284460TA,exon_26,0.0,0.0,0.0,0.0,0.0,0.0,0.0,0.0,0.0,0.0,0.0,0.0,0.0,0.0,0.0,0.0,-0.71826171875
146,1327.0,nonsense,3980T>G,L1327*,108284460TG,exon_26,0.0,0.0,0.0,0.0,0.0,0.0,0.0,0.0,0.0,0.0,0.0,0.0,0.0,0.0,0.0,0.0,-0.71826171875
147,1328.0,nonsense,3983T>A,L1328*,108284463TA,exon_26,0.0,0.0,0.0,0.0,0.0,0.0,0.0,0.0,0.0,0.0,0.0,0.0,0.0,0.0,0.0,0.01,-0.7384033203125
148,1329.0,nonsense,3985G>T,G1329*,108284465GT,exon_26,0.0,0.0,0.0,0.0,0.0,0.0,0.0,0.0,0.0,0.0,0.0,0.0,0.0,0.0,0.0,0.01,-0.744384765625
149,1330.0,nonsense,3988A>T,K1330*,108284468AT,exon_26,0.0,0.0,0.0,0.0,0.0,0.0,0.0,0.0,0.0,0.0,0.0,0.0,0.0,0.0,0.0,0.0,-0.75830078125
150,1335.0,nonsense,4004T>A,L1335*,108287610TA,exon_27,0.0,0.0,0.0,0.0,0.0,0.0,0.0,0.0,0.0,0.0,0.0,0.0,0.0,0.0,0.0,0.02,-0.7469482421875
151,1335.0,nonsense,4004T>G,L1335*,108287610TG,exon_27,0.0,0.0,0.0,0.0,0.0,0.0,0.0,0.0,0.0,0.0,0.0,0.0,0.0,0.0,0.0,0.02,-0.7469482421875
152,1396.0,nonsense,4188T>A,C1396*,108289055TA,exon_28,0.0,0.0,0.0,0.0,0.0,0.0,0.0,0.0,0.0,0.0,0.0,0.0,0.0,0.0,0.0,0.0,-0.7908935546875
153,1398.0,nonsense,4192A>T,K1398*,108289059AT,exon_28,0.0,0.0,0.0,0.0,0.0,0.0,0.0,0.0,0.0,0.0,0.0,0.0,0.0,0.0,0.0,0.01,-0.8050537109375
154,1400.0,nonsense,4198A>T,K1400*,108289065AT,exon_28,0.0,0.0,0.0,0.0,0.0,0.0,0.0,0.0,0.0,0.0,0.0,0.0,0.0,0.0,0.0,0.03,-0.7698974609375
155,1402.0,nonsense,4204A>T,K1402*,108289071AT,exon_28,0.0,0.0,0.0,0.0,0.0,0.0,0.0,0.0,0.0,0.0,0.0,0.0,0.0,0.0,0.0,0.01,-0.7386474609375
156,1433.0,nonsense,4299T>A,Y1433*,108289664TA,exon_29,0.0,0.0,0.0,0.0,0.0,0.0,0.0,0.0,0.0,0.0,0.0,0.0,0.0,0.0,0.0,0.0,-0.64166259765625
157,1433.0,nonsense,4299T>G,Y1433*,108289664TG,exon_29,0.0,0.0,0.0,0.0,0.0,0.0,0.0,0.0,0.0,0.0,0.0,0.0,0.0,0.0,0.0,0.01,-0.6422119140625
158,1434.0,nonsense,4300A>T,K1434*,108289665AT,exon_29,0.0,0.0,0.0,0.0,0.0,0.0,0.0,0.0,0.0,0.0,0.0,0.0,0.0,0.0,0.0,0.02,-0.6195068359375
159,1435.0,nonsense,4303A>T,K1435*,108289668AT,exon_29,0.0,0.0,0.0,0.0,0.0,0.0,0.0,0.0,0.0,0.0,0.0,0.0,0.0,0.0,0.0,0.03,-0.6148681640625
160,1437.0,nonsense,4309A>T,R1437*,108289674AT,exon_29,0.0,0.0,0.0,0.0,0.0,0.0,0.0,0.0,0.0,0.0,0.0,0.0,0.0,0.0,0.0,0.02,-0.699951171875
161,1440.0,nonsense,4318A>T,K1440*,108289683AT,exon_29,0.0,0.0,0.0,0.0,0.0,0.0,0.0,0.0,0.0,0.0,0.0,0.0,0.0,0.0,0.0,0.0,-0.7257080078125
162,1442.0,nonsense,4326T>G,Y1442*,108289691TG,exon_29,0.0,0.0,0.0,0.0,0.0,0.0,0.0,0.0,0.0,0.0,0.0,0.0,0.0,0.0,0.0,0.01,-0.69610595703125
163,1449.0,nonsense,4346T>A,L1449*,108289711TA,exon_29,0.0,0.0,0.0,0.0,0.0,0.0,0.0,0.0,0.0,0.0,0.0,0.0,0.0,0.0,0.0,0.0,-0.7259521484375
164,1449.0,nonsense,4346T>G,L1449*,108289711TG,exon_29,0.0,0.0,0.0,0.0,0.0,0.0,0.0,0.0,0.0,0.0,0.0,0.0,0.0,0.0,0.0,0.0,-0.7259521484375
165,1451.0,nonsense,4351A>T,K1451*,108289716AT,exon_29,0.0,0.0,0.0,0.0,0.0,0.0,0.0,0.0,0.0,0.0,0.0,0.0,0.0,0.0,0.0,0.01,-0.7095947265625
166,1470.0,nonsense,4410T>A,Y1470*,108289775TA,exon_29,0.0,0.0,0.0,0.0,0.0,0.0,0.0,0.0,0.0,0.0,0.0,0.0,0.0,0.0,0.0,0.02,-0.64117431640625
167,1472.0,nonsense,4415T>A,L1472*,108289780TA,exon_29,0.0,0.0,0.0,0.0,0.0,0.0,0.0,0.0,0.0,0.0,0.0,0.0,0.0,0.0,0.0,0.05,-0.6514892578125
168,1475.0,nonsense,4425T>G,Y1475*,108289790TG,exon_29,0.0,0.0,0.0,0.0,0.0,0.0,0.0,0.0,0.0,0.0,0.0,0.0,0.0,0.0,0.0,0.01,-0.6141357421875
169,1508.0,nonsense,4524C>A,Y1508*,108292706CA,exon_30,0.0,0.0,0.0,0.0,0.0,0.0,0.0,0.0,0.0,0.0,0.0,0.0,0.0,0.0,0.0,0.06,-0.68707275390625
170,1539.0,nonsense,4616T>A,L1539*,108293317TA,exon_31,0.0,0.0,0.0,0.0,0.0,0.0,0.0,0.0,0.0,0.0,0.0,0.0,0.0,0.0,0.0,0.2,-0.69677734375
171,1541.0,nonsense,4622T>A,L1541*,108293323TA,exon_31,0.0,0.0,0.0,0.0,0.0,0.0,0.0,0.0,0.0,0.0,0.0,0.0,0.0,0.0,0.0,0.17,-0.69573974609375
172,1542.0,nonsense,4625T>A,L1542*,108293326TA,exon_31,0.0,0.0,0.0,0.0,0.0,0.0,0.0,0.0,0.0,0.0,0.0,0.0,0.0,0.0,0.0,0.15,-0.68182373046875
173,1543.0,nonsense,4627A>T,K1543*,108293328AT,exon_31,0.0,0.0,0.0,0.0,0.0,0.0,0.0,0.0,0.0,0.0,0.0,0.0,0.0,0.0,0.0,0.04,-0.66839599609375
174,1544.0,nonsense,4632C>G,Y1544*,108293333CG,exon_31,0.0,0.0,0.0,0.0,0.0,0.0,0.0,0.0,0.0,0.0,0.0,0.0,0.0,0.0,0.0,0.16,-0.6842041015625
175,1572.0,nonsense,4714A>T,K1572*,108293415AT,exon_31,0.0,0.0,0.0,0.0,0.0,0.0,0.0,0.0,0.0,0.0,0.0,0.0,0.0,0.0,0.0,0.63,-0.7080078125
176,1574.0,nonsense,4721T>A,L1574*,108293422TA,exon_31,0.0,0.0,0.0,0.0,0.0,0.0,0.0,0.0,0.0,0.0,0.0,0.0,0.0,0.0,0.0,0.02,-0.64703369140625
177,1586.0,nonsense,4756G>T,G1586*,108293457GT,exon_31,0.0,0.0,0.0,0.0,0.0,0.0,0.0,0.0,0.0,0.0,0.0,0.0,0.0,0.0,0.0,0.08,-0.6551513671875
178,1589.0,nonsense,4766C>A,S1589*,108293467CA,exon_31,0.0,0.0,0.0,0.0,0.0,0.0,0.0,0.0,0.0,0.0,0.0,0.0,0.0,0.0,0.0,0.05,-0.7254638671875
179,1589.0,nonsense,4766C>G,S1589*,108293467CG,exon_31,0.0,0.0,0.0,0.0,0.0,0.0,0.0,0.0,0.0,0.0,0.0,0.0,0.0,0.0,0.0,0.01,-0.72265625
180,1612.0,nonsense,4834G>T,E1612*,108294984GT,exon_32,0.0,0.0,0.0,0.0,0.0,0.0,0.0,0.0,0.0,0.0,0.0,0.0,0.0,0.0,0.0,0.12,-0.66717529296875
181,1664.0,nonsense,4990G>T,E1664*,108297367GT,exon_33,0.0,0.0,0.0,0.0,0.0,0.0,0.0,0.0,0.0,0.0,0.0,0.0,0.0,0.0,0.0,0.46,-0.781494140625
182,1692.0,nonsense,5074A>T,K1692*,108299782AT,exon_34,0.0,0.0,0.0,0.0,0.0,0.0,0.0,0.0,0.0,0.0,0.0,0.0,0.0,0.0,0.0,0.03,-0.7691650390625
183,1730.0,nonsense,5188C>T,R1730*,108301658CT,exon_35,0.0,0.0,0.0,0.0,0.0,0.0,0.0,0.0,0.0,0.0,0.0,0.0,0.0,0.0,0.0,0.23,-0.766357421875
184,1731.0,nonsense,5192C>A,S1731*,108301662CA,exon_35,0.0,0.0,0.0,0.0,0.0,0.0,0.0,0.0,0.0,0.0,0.0,0.0,0.0,0.0,0.0,0.25,-0.7626953125
185,1738.0,nonsense,5212A>T,K1738*,108301682AT,exon_35,0.0,0.0,0.0,0.0,0.0,0.0,0.0,0.0,0.0,0.0,0.0,0.0,0.0,0.0,0.0,0.27,-0.785888671875
186,1773.0,nonsense,5317A>T,K1773*,108301787AT,exon_35,0.0,0.0,0.0,0.0,0.0,0.0,0.0,0.0,0.0,0.0,0.0,0.0,0.0,0.0,0.0,0.68,-0.8145751953125
187,1783.0,nonsense,5347G>T,E1783*,108302880GT,exon_36,0.0,0.0,0.0,0.0,0.0,0.0,0.0,0.0,0.0,0.0,0.0,0.0,0.0,0.0,0.0,0.19,-0.35681915283203125
188,1800.0,nonsense,5398G>T,E1800*,108302931GT,exon_36,0.0,0.0,0.0,0.0,0.0,0.0,0.0,0.0,0.0,0.0,0.0,0.0,0.0,0.0,0.0,0.0,-0.57855224609375
189,1811.0,nonsense,5433T>A,C1811*,108302966TA,exon_36,0.0,0.0,0.0,0.0,0.0,0.0,0.0,0.0,0.0,0.0,0.0,0.0,0.0,0.0,0.0,0.02,-0.526123046875
190,1817.0,nonsense,5449G>T,G1817*,108302982GT,exon_36,0.0,0.0,0.0,0.0,0.0,0.0,0.0,0.0,0.0,0.0,0.0,0.0,0.0,0.0,0.0,0.09,-0.448486328125
191,1822.0,nonsense,5464G>T,E1822*,108302997GT,exon_36,0.0,0.0,0.0,0.0,0.0,0.0,0.0,0.0,0.0,0.0,0.0,0.0,0.0,0.0,0.0,0.09,-0.60870361328125
192,1825.0,nonsense,5473C>T,Q1825*,108303006CT,exon_36,0.0,0.0,0.0,0.0,0.0,0.0,0.0,0.0,0.0,0.0,0.0,0.0,0.0,0.0,0.0,0.27,-0.59619140625
193,1831.0,nonsense,5493T>A,C1831*,108303026TA,exon_36,0.0,0.0,0.0,0.0,0.0,0.0,0.0,0.0,0.0,0.0,0.0,0.0,0.0,0.0,0.0,0.42,-0.64984130859375
194,1832.0,nonsense,5494G>T,E1832*,108303027GT,exon_36,0.0,0.0,0.0,0.0,0.0,0.0,0.0,0.0,0.0,0.0,0.0,0.0,0.0,0.0,0.0,0.15,-0.60968017578125
195,1844.0,nonsense,5532C>A,Y1844*,108304710CA,exon_37,0.0,0.0,0.0,0.0,0.0,0.0,0.0,0.0,0.0,0.0,0.0,0.0,0.0,0.0,0.0,0.18,-0.62310791015625
196,1856.0,nonsense,5566G>T,E1856*,108304744GT,exon_37,0.0,0.0,0.0,0.0,0.0,0.0,0.0,0.0,0.0,0.0,0.0,0.0,0.0,0.0,0.0,0.24,-0.420013427734375
197,1857.0,nonsense,5570C>A,S1857*,108304748CA,exon_37,0.0,0.0,0.0,0.0,0.0,0.0,0.0,0.0,0.0,0.0,0.0,0.0,0.0,0.0,0.0,0.42,-0.442169189453125
198,1857.0,nonsense,5570C>G,S1857*,108304748CG,exon_37,0.0,0.0,0.0,0.0,0.0,0.0,0.0,0.0,0.0,0.0,0.0,0.0,0.0,0.0,0.0,0.09,-0.38592529296875
199,1858.0,nonsense,5573G>A,W1858*,108304751GA,exon_37,0.0,0.0,0.0,0.0,0.0,0.0,0.0,0.0,0.0,0.0,0.0,0.0,0.0,0.0,0.0,0.16,-0.437225341796875
200,1858.0,nonsense,5574G>A,W1858*,108304752GA,exon_37,0.0,0.0,0.0,0.0,0.0,0.0,0.0,0.0,0.0,0.0,0.0,0.0,0.0,0.0,0.0,0.01,-0.4134521484375
201,1867.0,nonsense,5599C>T,Q1867*,108304777CT,exon_37,0.0,0.0,0.0,0.0,0.0,0.0,0.0,0.0,0.0,0.0,0.0,0.0,0.0,0.0,0.0,0.27,-0.573486328125
202,1868.0,nonsense,5602G>T,G1868*,108304780GT,exon_37,0.0,0.0,0.0,0.0,0.0,0.0,0.0,0.0,0.0,0.0,0.0,0.0,0.0,0.0,0.0,0.08,-0.5479736328125
203,1873.0,nonsense,5619T>A,C1873*,108304797TA,exon_37,0.0,0.0,0.0,0.0,0.0,0.0,0.0,0.0,0.0,0.0,0.0,0.0,0.0,0.0,0.0,0.03,-0.60919189453125
204,1875.0,nonsense,5623C>T,R1875*,108304801CT,exon_37,0.0,0.0,0.0,0.0,0.0,0.0,0.0,0.0,0.0,0.0,0.0,0.0,0.0,0.0,0.0,0.05,-0.633544921875
205,1878.0,nonsense,5633C>A,S1878*,108304811CA,exon_37,0.0,0.0,0.0,0.0,0.0,0.0,0.0,0.0,0.0,0.0,0.0,0.0,0.0,0.0,0.0,0.03,-0.6837158203125
206,1898.0,nonsense,5692C>T,R1898*,108307914CT,exon_38,0.0,0.0,0.0,0.0,0.0,0.0,0.0,0.0,0.0,0.0,0.0,0.0,0.0,0.0,0.0,0.08,-0.65277099609375
207,1899.0,nonsense,5697C>A,C1899*,108307919CA,exon_38,0.0,0.0,0.0,0.0,0.0,0.0,0.0,0.0,0.0,0.0,0.0,0.0,0.0,0.0,0.0,0.04,-0.6395263671875
208,1905.0,nonsense,5714C>A,S1905*,108307936CA,exon_38,0.0,0.0,0.0,0.0,0.0,0.0,0.0,0.0,0.0,0.0,0.0,0.0,0.0,0.0,0.0,0.05,-0.621826171875
209,1905.0,nonsense,5714C>G,S1905*,108307936CG,exon_38,0.0,0.0,0.0,0.0,0.0,0.0,0.0,0.0,0.0,0.0,0.0,0.0,0.0,0.0,0.0,0.02,-0.619384765625
210,1907.0,nonsense,5719A>T,R1907*,108307941AT,exon_38,0.0,0.0,0.0,0.0,0.0,0.0,0.0,0.0,0.0,0.0,0.0,0.0,0.0,0.0,0.0,0.03,-0.65521240234375
211,1921.0,nonsense,5761A>T,R1921*,108307983AT,exon_38,0.0,0.0,0.0,0.0,0.0,0.0,0.0,0.0,0.0,0.0,0.0,0.0,0.0,0.0,0.0,0.46,-0.576904296875
212,1933.0,nonsense,5798G>A,W1933*,108310195GA,exon_39,0.0,0.0,0.0,0.0,0.0,0.0,0.0,0.0,0.0,0.0,0.0,0.0,0.0,0.0,0.0,0.02,-0.5177001953125
213,1933.0,nonsense,5799G>A,W1933*,108310196GA,exon_39,0.0,0.0,0.0,0.0,0.0,0.0,0.0,0.0,0.0,0.0,0.0,0.0,0.0,0.0,0.0,0.01,-0.51617431640625
214,1955.0,nonsense,5864T>A,L1955*,108310261TA,exon_39,0.0,0.0,0.0,0.0,0.0,0.0,0.0,0.0,0.0,0.0,0.0,0.0,0.0,0.0,0.0,0.04,-0.8480224609375
215,1955.0,nonsense,5864T>G,L1955*,108310261TG,exon_39,0.0,0.0,0.0,0.0,0.0,0.0,0.0,0.0,0.0,0.0,0.0,0.0,0.0,0.0,0.0,0.08,-0.8514404296875
216,1957.0,nonsense,5871T>A,Y1957*,108310268TA,exon_39,0.0,0.0,0.0,0.0,0.0,0.0,0.0,0.0,0.0,0.0,0.0,0.0,0.0,0.0,0.0,0.02,-0.781982421875
217,1957.0,nonsense,5871T>G,Y1957*,108310268TG,exon_39,0.0,0.0,0.0,0.0,0.0,0.0,0.0,0.0,0.0,0.0,0.0,0.0,0.0,0.0,0.0,0.07,-0.7867431640625
218,1959.0,nonsense,5875G>T,E1959*,108310272GT,exon_39,0.0,0.0,0.0,0.0,0.0,0.0,0.0,0.0,0.0,0.0,0.0,0.0,0.0,0.0,0.0,0.11,-0.79931640625
219,1961.0,nonsense,5883T>A,Y1961*,108310280TA,exon_39,0.0,0.0,0.0,0.0,0.0,0.0,0.0,0.0,0.0,0.0,0.0,0.0,0.0,0.0,0.0,0.0,-0.710693359375
220,1961.0,nonsense,5883T>G,Y1961*,108310280TG,exon_39,0.0,0.0,0.0,0.0,0.0,0.0,0.0,0.0,0.0,0.0,0.0,0.0,0.0,0.0,0.0,0.06,-0.71856689453125
221,1964.0,nonsense,5890A>T,K1964*,108310287AT,exon_39,0.0,0.0,0.0,0.0,0.0,0.0,0.0,0.0,0.0,0.0,0.0,0.0,0.0,0.0,0.0,0.01,-0.57098388671875
222,1965.0,nonsense,5893A>T,K1965*,108310290AT,exon_39,0.0,0.0,0.0,0.0,0.0,0.0,0.0,0.0,0.0,0.0,0.0,0.0,0.0,0.0,0.0,0.05,-0.61236572265625
223,1970.0,nonsense,5908C>T,Q1970*,108310305CT,exon_39,0.0,0.0,0.0,0.0,0.0,0.0,0.0,0.0,0.0,0.0,0.0,0.0,0.0,0.0,0.0,0.04,-0.45836639404296875
224,1989.0,nonsense,5966T>A,L1989*,108312458TA,exon_40,0.0,0.0,0.0,0.0,0.0,0.0,0.0,0.0,0.0,0.0,0.0,0.0,0.0,0.0,0.0,0.45,-0.808349609375
225,1991.0,nonsense,5971G>T,E1991*,108312463GT,exon_40,0.0,0.0,0.0,0.0,0.0,0.0,0.0,0.0,0.0,0.0,0.0,0.0,0.0,0.0,0.0,0.6,-0.813232421875
226,1994.0,nonsense,5980A>T,K1994*,108312472AT,exon_40,0.0,0.0,0.0,0.0,0.0,0.0,0.0,0.0,0.0,0.0,0.0,0.0,0.0,0.0,0.0,0.32,-0.790283203125
227,1995.0,nonsense,5983G>T,E1995*,108312475GT,exon_40,0.0,0.0,0.0,0.0,0.0,0.0,0.0,0.0,0.0,0.0,0.0,0.0,0.0,0.0,0.0,0.76,-0.8028564453125
228,1996.0,nonsense,5986G>T,E1996*,108312478GT,exon_40,0.0,0.0,0.0,0.0,0.0,0.0,0.0,0.0,0.0,0.0,0.0,0.0,0.0,0.0,0.0,0.75,-0.7867431640625
229,1998.0,nonsense,5992G>T,G1998*,108312484GT,exon_40,0.0,0.0,0.0,0.0,0.0,0.0,0.0,0.0,0.0,0.0,0.0,0.0,0.0,0.0,0.0,0.4,-0.79345703125
230,2006.0,nonsense,6017T>A,L2006*,108315833TA,exon_41,0.0,0.0,0.0,0.0,0.0,0.0,0.0,0.0,0.0,0.0,0.0,0.0,0.0,0.0,0.0,0.01,-0.8321533203125
231,2007.0,nonsense,6019G>T,E2007*,108315835GT,exon_41,0.0,0.0,0.0,0.0,0.0,0.0,0.0,0.0,0.0,0.0,0.0,0.0,0.0,0.0,0.0,0.04,-0.8355712890625
232,2034.0,nonsense,6100C>T,R2034*,108316015CT,exon_42,0.0,0.0,0.0,0.0,0.0,0.0,0.0,0.0,0.0,0.0,0.0,0.0,0.0,0.0,0.0,0.01,-0.82373046875
233,2068.0,nonsense,6203T>A,L2068*,108317377TA,exon_43,0.0,0.0,0.0,0.0,0.0,0.0,0.0,0.0,0.0,0.0,0.0,0.0,0.0,0.0,0.0,0.12,-0.8082275390625
234,2129.0,nonsense,6387C>A,Y2129*,108319993CA,exon_44,0.0,0.0,0.0,0.0,0.0,0.0,0.0,0.0,0.0,0.0,0.0,0.0,0.0,0.0,0.0,0.02,-0.8021240234375
235,2133.0,nonsense,6397C>T,Q2133*,108320003CT,exon_44,0.0,0.0,0.0,0.0,0.0,0.0,0.0,0.0,0.0,0.0,0.0,0.0,0.0,0.0,0.0,0.07,-0.8026123046875
236,2136.0,nonsense,6406A>T,R2136*,108320012AT,exon_44,0.0,0.0,0.0,0.0,0.0,0.0,0.0,0.0,0.0,0.0,0.0,0.0,0.0,0.0,0.0,0.01,-0.7982177734375
237,2144.0,nonsense,6432T>A,Y2144*,108320038TA,exon_44,0.0,0.0,0.0,0.0,0.0,0.0,0.0,0.0,0.0,0.0,0.0,0.0,0.0,0.0,0.0,0.01,-0.839111328125
238,2144.0,nonsense,6432T>G,Y2144*,108320038TG,exon_44,0.0,0.0,0.0,0.0,0.0,0.0,0.0,0.0,0.0,0.0,0.0,0.0,0.0,0.0,0.0,0.02,-0.83984375
239,2145.0,nonsense,6433G>T,E2145*,108320039GT,exon_44,0.0,0.0,0.0,0.0,0.0,0.0,0.0,0.0,0.0,0.0,0.0,0.0,0.0,0.0,0.0,0.05,-0.8394775390625
240,2148.0,nonsense,6442A>T,K2148*,108320048AT,exon_44,0.0,0.0,0.0,0.0,0.0,0.0,0.0,0.0,0.0,0.0,0.0,0.0,0.0,0.0,0.0,0.02,-0.85693359375
241,2149.0,nonsense,6447T>A,Y2149*,108320053TA,exon_44,0.0,0.0,0.0,0.0,0.0,0.0,0.0,0.0,0.0,0.0,0.0,0.0,0.0,0.0,0.0,0.01,-0.843017578125
242,2149.0,nonsense,6447T>G,Y2149*,108320053TG,exon_44,0.0,0.0,0.0,0.0,0.0,0.0,0.0,0.0,0.0,0.0,0.0,0.0,0.0,0.0,0.0,0.08,-0.8477783203125
243,2192.0,nonsense,6575C>A,S2192*,108325312CA,exon_46,0.0,0.0,0.0,0.0,0.0,0.0,0.0,0.0,0.0,0.0,0.0,0.0,0.0,0.0,0.0,0.05,-0.7969970703125
244,2257.0,nonsense,6769G>T,E2257*,108325506GT,exon_46,0.0,0.0,0.0,0.0,0.0,0.0,0.0,0.0,0.0,0.0,0.0,0.0,0.0,0.0,0.0,0.01,-0.815673828125
245,2272.0,nonsense,6814G>T,E2272*,108326064GT,exon_47,0.0,0.0,0.0,0.0,0.0,0.0,0.0,0.0,0.0,0.0,0.0,0.0,0.0,0.0,0.0,0.08,-0.8072509765625
246,2277.0,nonsense,6829C>T,Q2277*,108326079CT,exon_47,0.0,0.0,0.0,0.0,0.0,0.0,0.0,0.0,0.0,0.0,0.0,0.0,0.0,0.0,0.0,0.11,-0.802490234375
247,2280.0,nonsense,6838C>T,Q2280*,108326088CT,exon_47,0.0,0.0,0.0,0.0,0.0,0.0,0.0,0.0,0.0,0.0,0.0,0.0,0.0,0.0,0.0,0.11,-0.8009033203125
248,2281.0,nonsense,6843C>A,Y2281*,108326093CA,exon_47,0.0,0.0,0.0,0.0,0.0,0.0,0.0,0.0,0.0,0.0,0.0,0.0,0.0,0.0,0.0,0.07,-0.79931640625
249,2281.0,nonsense,6843C>G,Y2281*,108326093CG,exon_47,0.0,0.0,0.0,0.0,0.0,0.0,0.0,0.0,0.0,0.0,0.0,0.0,0.0,0.0,0.0,0.08,-0.7998046875
250,2283.0,nonsense,6848C>A,S2283*,108326098CA,exon_47,0.0,0.0,0.0,0.0,0.0,0.0,0.0,0.0,0.0,0.0,0.0,0.0,0.0,0.0,0.0,0.05,-0.7972412109375
251,2283.0,nonsense,6848C>G,S2283*,108326098CG,exon_47,0.0,0.0,0.0,0.0,0.0,0.0,0.0,0.0,0.0,0.0,0.0,0.0,0.0,0.0,0.0,0.02,-0.795654296875
252,2337.0,nonsense,7011T>A,C2337*,108327680TA,exon_48,0.0,0.0,0.0,0.0,0.0,0.0,0.0,0.0,0.0,0.0,0.0,0.0,0.0,0.0,0.0,0.01,-0.7977294921875
253,2362.0,nonsense,7084G>T,E2362*,108327753GT,exon_48,0.0,0.0,0.0,0.0,0.0,0.0,0.0,0.0,0.0,0.0,0.0,0.0,0.0,0.0,0.0,0.0,-0.779296875
254,2374.0,nonsense,7120G>T,E2374*,108329051GT,exon_49,0.0,0.0,0.0,0.0,0.0,0.0,0.0,0.0,0.0,0.0,0.0,0.0,0.0,0.0,0.0,0.04,-0.70233154296875
255,2383.0,nonsense,7147A>T,K2383*,108329078AT,exon_49,0.0,0.0,0.0,0.0,0.0,0.0,0.0,0.0,0.0,0.0,0.0,0.0,0.0,0.0,0.0,0.26,-0.788330078125
256,2385.0,nonsense,7153A>T,K2385*,108329084AT,exon_49,0.0,0.0,0.0,0.0,0.0,0.0,0.0,0.0,0.0,0.0,0.0,0.0,0.0,0.0,0.0,0.18,-0.7991943359375
257,2390.0,nonsense,7169T>A,L2390*,108329100TA,exon_49,0.0,0.0,0.0,0.0,0.0,0.0,0.0,0.0,0.0,0.0,0.0,0.0,0.0,0.0,0.0,0.34,-0.8045654296875
258,2394.0,nonsense,7181C>A,S2394*,108329112CA,exon_49,0.0,0.0,0.0,0.0,0.0,0.0,0.0,0.0,0.0,0.0,0.0,0.0,0.0,0.0,0.0,0.25,-0.799560546875
259,2400.0,nonsense,7198A>T,R2400*,108329129AT,exon_49,0.0,0.0,0.0,0.0,0.0,0.0,0.0,0.0,0.0,0.0,0.0,0.0,0.0,0.0,0.0,0.03,-0.80224609375
260,2402.0,nonsense,7204G>T,E2402*,108329135GT,exon_49,0.0,0.0,0.0,0.0,0.0,0.0,0.0,0.0,0.0,0.0,0.0,0.0,0.0,0.0,0.0,0.08,-0.7928466796875
261,2404.0,nonsense,7212C>A,Y2404*,108329143CA,exon_49,0.0,0.0,0.0,0.0,0.0,0.0,0.0,0.0,0.0,0.0,0.0,0.0,0.0,0.0,0.0,0.02,-0.801025390625
262,2404.0,nonsense,7212C>G,Y2404*,108329143CG,exon_49,0.0,0.0,0.0,0.0,0.0,0.0,0.0,0.0,0.0,0.0,0.0,0.0,0.0,0.0,0.0,0.01,-0.8006591796875
263,2406.0,nonsense,7216A>T,K2406*,108329147AT,exon_49,0.0,0.0,0.0,0.0,0.0,0.0,0.0,0.0,0.0,0.0,0.0,0.0,0.0,0.0,0.0,0.02,-0.7955322265625
264,2407.0,nonsense,7220C>A,S2407*,108329151CA,exon_49,0.0,0.0,0.0,0.0,0.0,0.0,0.0,0.0,0.0,0.0,0.0,0.0,0.0,0.0,0.0,0.21,-0.81298828125
265,2411.0,nonsense,7231G>T,E2411*,108329162GT,exon_49,0.0,0.0,0.0,0.0,0.0,0.0,0.0,0.0,0.0,0.0,0.0,0.0,0.0,0.0,0.0,0.26,-0.8082275390625
266,2433.0,nonsense,7297C>T,Q2433*,108329228CT,exon_49,0.0,0.0,0.0,0.0,0.0,0.0,0.0,0.0,0.0,0.0,0.0,0.0,0.0,0.0,0.0,0.24,-0.7794189453125
267,2506.0,nonsense,7516A>T,R2506*,108331444AT,exon_51,0.0,0.0,0.0,0.0,0.0,0.0,0.0,0.0,0.0,0.0,0.0,0.0,0.0,0.0,0.0,0.14,-0.73046875
268,2508.0,nonsense,7522G>T,G2508*,108331450GT,exon_51,0.0,0.0,0.0,0.0,0.0,0.0,0.0,0.0,0.0,0.0,0.0,0.0,0.0,0.0,0.0,0.01,-0.7337646484375
269,2515.0,nonsense,7543A>T,K2515*,108331471AT,exon_51,0.0,0.0,0.0,0.0,0.0,0.0,0.0,0.0,0.0,0.0,0.0,0.0,0.0,0.0,0.0,0.03,-0.7449951171875
270,2547.0,nonsense,7639A>T,R2547*,108331888AT,exon_52,0.0,0.0,0.0,0.0,0.0,0.0,0.0,0.0,0.0,0.0,0.0,0.0,0.0,0.0,0.0,0.05,-0.6033935546875
271,2590.0,nonsense,7768C>T,Q2590*,108332017CT,exon_52,0.0,0.0,0.0,0.0,0.0,0.0,0.0,0.0,0.0,0.0,0.0,0.0,0.0,0.0,0.0,0.24,-0.746826171875
272,2593.0,nonsense,7777C>T,Q2593*,108332026CT,exon_52,0.0,0.0,0.0,0.0,0.0,0.0,0.0,0.0,0.0,0.0,0.0,0.0,0.0,0.0,0.0,0.47,-0.7537841796875
273,2598.0,nonsense,7792C>T,R2598*,108332765CT,exon_53,0.0,0.0,0.0,0.0,0.0,0.0,0.0,0.0,0.0,0.0,0.0,0.0,0.0,0.0,0.0,0.07,-0.724609375
274,2692.0,nonsense,8075T>A,L2692*,108335033TA,exon_55,0.0,0.0,0.0,0.0,0.0,0.0,0.0,0.0,0.0,0.0,0.0,0.0,0.0,0.0,0.0,0.0,-0.9033203125
275,2692.0,nonsense,8075T>G,L2692*,108335033TG,exon_55,0.0,0.0,0.0,0.0,0.0,0.0,0.0,0.0,0.0,0.0,0.0,0.0,0.0,0.0,0.0,0.0,-0.9033203125
276,2800.0,nonsense,8398C>T,Q2800*,108343351CT,exon_57,0.0,0.0,0.0,0.0,0.0,0.0,0.0,0.0,0.0,0.0,0.0,0.0,0.0,0.0,0.0,0.18,-0.910888671875
277,2801.0,nonsense,8403C>A,C2801*,108343356CA,exon_57,0.0,0.0,0.0,0.0,0.0,0.0,0.0,0.0,0.0,0.0,0.0,0.0,0.0,0.0,0.0,0.03,-0.9337158203125
278,2804.0,nonsense,8410A>T,K2804*,108343363AT,exon_57,0.0,0.0,0.0,0.0,0.0,0.0,0.0,0.0,0.0,0.0,0.0,0.0,0.0,0.0,0.0,0.1,-0.9095458984375
279,2809.0,nonsense,8425C>T,Q2809*,108345749CT,exon_58,0.0,0.0,0.0,0.0,0.0,0.0,0.0,0.0,0.0,0.0,0.0,0.0,0.0,0.0,0.0,0.07,-1.014892578125
280,2811.0,nonsense,8431A>T,K2811*,108345755AT,exon_58,0.0,0.0,0.0,0.0,0.0,0.0,0.0,0.0,0.0,0.0,0.0,0.0,0.0,0.0,0.0,0.1,-1.005126953125
281,2814.0,nonsense,8440G>T,E2814*,108345764GT,exon_58,0.0,0.0,0.0,0.0,0.0,0.0,0.0,0.0,0.0,0.0,0.0,0.0,0.0,0.0,0.0,0.26,-1.071044921875
282,2815.0,nonsense,8443G>T,E2815*,108345767GT,exon_58,0.0,0.0,0.0,0.0,0.0,0.0,0.0,0.0,0.0,0.0,0.0,0.0,0.0,0.0,0.0,0.33,-1.0325927734375
283,2817.0,nonsense,8451T>G,Y2817*,108345775TG,exon_58,0.0,0.0,0.0,0.0,0.0,0.0,0.0,0.0,0.0,0.0,0.0,0.0,0.0,0.0,0.0,0.18,-1.0621337890625
284,2818.0,nonsense,8452G>T,E2818*,108345776GT,exon_58,0.0,0.0,0.0,0.0,0.0,0.0,0.0,0.0,0.0,0.0,0.0,0.0,0.0,0.0,0.0,0.29,-1.02685546875
285,2828.0,nonsense,8482C>T,Q2828*,108345806CT,exon_58,0.0,0.0,0.0,0.0,0.0,0.0,0.0,0.0,0.0,0.0,0.0,0.0,0.0,0.0,0.0,0.0,-0.946533203125
286,2833.0,nonsense,8499C>A,Y2833*,108345823CA,exon_58,0.0,0.0,0.0,0.0,0.0,0.0,0.0,0.0,0.0,0.0,0.0,0.0,0.0,0.0,0.0,0.01,-1.02685546875
287,2833.0,nonsense,8499C>G,Y2833*,108345823CG,exon_58,0.0,0.0,0.0,0.0,0.0,0.0,0.0,0.0,0.0,0.0,0.0,0.0,0.0,0.0,0.0,0.04,-1.0294189453125
288,2864.0,nonsense,8592C>A,Y2864*,108347286CA,exon_59,0.0,0.0,0.0,0.0,0.0,0.0,0.0,0.0,0.0,0.0,0.0,0.0,0.0,0.0,0.0,0.0,-1.0621337890625
289,2864.0,nonsense,8592C>G,Y2864*,108347286CG,exon_59,0.0,0.0,0.0,0.0,0.0,0.0,0.0,0.0,0.0,0.0,0.0,0.0,0.0,0.0,0.0,0.05,-1.067138671875
290,2882.0,nonsense,8645C>A,S2882*,108347339CA,exon_59,0.0,0.0,0.0,0.0,0.0,0.0,0.0,0.0,0.0,0.0,0.0,0.0,0.0,0.0,0.0,0.0,-0.958251953125
291,2884.0,nonsense,8650G>T,E2884*,108347344GT,exon_59,0.0,0.0,0.0,0.0,0.0,0.0,0.0,0.0,0.0,0.0,0.0,0.0,0.0,0.0,0.0,0.01,-1.009521484375
292,2991.0,nonsense,8973C>A,C2991*,108365204CA,exon_62,0.0,0.0,0.0,0.0,0.0,0.0,0.0,0.0,0.0,0.0,0.0,0.0,0.0,0.0,0.0,0.0,-0.8990478515625
293,2992.0,nonsense,8974A>T,K2992*,108365205AT,exon_62,0.0,0.0,0.0,0.0,0.0,0.0,0.0,0.0,0.0,0.0,0.0,0.0,0.0,0.0,0.0,0.0,-0.878662109375
294,2993.0,nonsense,8977C>T,R2993*,108365208CT,exon_62,0.0,0.0,0.0,0.0,0.0,0.0,0.0,0.0,0.0,0.0,0.0,0.0,0.0,0.0,0.0,0.0,-0.8709716796875
295,3010.0,nonsense,9029T>A,L3010*,108365366TA,exon_63,0.0,0.0,0.0,0.0,0.0,0.0,0.0,0.0,0.0,0.0,0.0,0.0,0.0,0.0,0.0,0.02,-0.762939453125
296,3010.0,nonsense,9029T>G,L3010*,108365366TG,exon_63,0.0,0.0,0.0,0.0,0.0,0.0,0.0,0.0,0.0,0.0,0.0,0.0,0.0,0.0,0.0,0.01,-0.7623291015625
                                                                                                                                                                                                                                                                                                                                                                                                                                                                                                                                                      